{
  "rotation": [
    [
      5.0313270848590385e-09,
      0.9999999999999999
    ],
    [
      -1.0,
      5.0313268628144335e-09
    ]
  ],
  "translation": [
    17.49974,
    0.0001970628915857879
  ],
  "yaw_deg": -89.99999971172619,
  "icp": {
    "max_iters": 20,
    "radius_req": 0.8,
    "yaw_eps_rad": 0.001,
    "range_gate_m": 60.0,
    "flip_on_stall": true
  },
  "hard_gate_passed": true,
  "final_error_stats": {
    "N_obs": 36,
    "min": 1.466871205850703e-08,
    "median": 6.692506051337263e-06,
    "mean": 1.2628953736058e-05,
    "p95": 4.409660445126138e-05,
    "max": 4.432454257619245e-05,
    "within_radius_req": 36
  }
}