frame,t,n_obs,n_cands_total,ordering_ms,jcbb_ms
0,932.534000,18,18,11,18153
1,935.144000,18,18,9,15840
2,939.434000,18,18,10,14659
