frame,t,n_obs,n_cands_total,ordering_ms,jcbb_ms
0,54.144000,18,18,4,9645
1,59.294000,18,18,5,10241
2,64.934000,18,18,4,9973
3,70.574000,18,18,5,9991
