frame,t_sec,pass_dt_ms,dt_pose_ms,v_mps,yawrate_rps,n_obs,mean_cands_per_obs,matched,p95_sqrt_m2
0,967.355000,0.0,1.0,0.00,0.00,18,1.00,18,0.003
1,975.865000,0.0,454.0,0.00,0.00,18,1.00,18,0.003
2,984.645000,0.0,454.0,0.00,0.00,18,1.00,18,0.003
3,993.215000,0.0,449.0,0.00,0.00,18,1.00,18,0.003
4,1002.035000,0.0,454.0,0.00,0.00,18,1.00,18,0.003
5,1010.405000,0.0,454.0,0.00,0.00,18,1.00,18,0.003
6,1019.245000,0.0,459.0,0.10,0.00,18,1.00,13,1.861
