frame,t_sec,n_obs,n_cands_total,order_ms,jcbb_ms,total_ms
0,967.355000,18,18,4,8535,8541
1,975.865000,18,18,4,8786,8791
2,984.645000,18,18,4,8578,8583
3,993.215000,18,18,5,8817,8822
4,1002.035000,18,18,4,8377,8381
5,1010.405000,18,18,4,8839,8844
6,1019.245000,18,18,5,8564,8569
