frame,t,n_obs,n_cands_total,ordering_ms,jcbb_ms
0,1046.354000,18,18,8,18481
1,1049.344000,18,18,12,16684
